{
   "author" : "N7 Léon",
   "name" : "VioletEvergarden",
   "keyWords" : "Violet,Evergarden",
   "version" : "1.0.0",
   "dofusVersion" : "2.48",
   "description" : "Thème sur Violet Evergarden pour Dofus",
   "url" : "https://github.com/DropCloth/VioletEvergardenTheme/tree/master/zip/VioletEvergarden.zip",
   "previewUrl" : "https://github.com/DropCloth/VioletEvergardenTheme/blob/master/resources/landscape_violet.jpg",
   "creationDate" : "20/10/2018",
   "modificationDate" : "21/10/2018"
   }
